{"stats":{"minecraft:mined":{"minecraft:powder_snow":12,"minecraft:dirt":3},"minecraft:custom":{"minecraft:jump":8,"minecraft:time_since_rest":2715,"minecraft:leave_game":2,"minecraft:play_time":2715,"minecraft:sprint_one_cm":608,"minecraft:damage_taken":50,"minecraft:time_since_death":2715,"minecraft:walk_one_cm":973,"minecraft:sneak_time":38,"minecraft:total_world_time":2715,"minecraft:fly_one_cm":64282},"minecraft:used":{"minecraft:dirt":2},"minecraft:picked_up":{"minecraft:dirt":3}},"DataVersion":3465}