{
  "minecraft:recipes/decorations/crafting_table": {
    "criteria": {
      "unlock_right_away": "2024-06-12 21:28:40 +0000"
    },
    "done": true
  },
  "minecraft:adventure/adventuring_time": {
    "criteria": {
      "minecraft:snowy_slopes": "2024-06-12 21:35:02 +0000",
      "minecraft:frozen_river": "2024-06-12 21:35:11 +0000",
      "minecraft:snowy_plains": "2024-06-12 21:35:04 +0000",
      "minecraft:stony_shore": "2024-06-12 21:35:15 +0000",
      "minecraft:snowy_taiga": "2024-06-12 21:34:57 +0000",
      "minecraft:grove": "2024-06-12 21:28:41 +0000",
      "minecraft:frozen_ocean": "2024-06-12 21:35:17 +0000"
    },
    "done": false
  },
  "DataVersion": 3465
}